IDH.codel.subtype	core_sample_num	clonality_sample_num	CI95.timing	mut_num	clonality_mut_num	frac	ori_sam_mut	clonality_over_ori_frac	Hugo_Symbol	total_mut_num	Clonal	Subclonal	HGVSp_Short	sam_med_num	sam_min_num	sam_max_num	driver_col_p_value
IDHmut-codel	167																
IDHmut-non-codel	270																
IDHwt	439																
IDHmut-codel		167															
IDHmut-non-codel		269															
IDHwt		434															
IDHmut-codel			Clonal	3066	6012	0.5099800399201597	6525	0.9213793103448276									
IDHmut-codel			Subclonal	2946	6012	0.49001996007984033	6525	0.9213793103448276									
IDHmut-non-codel			Clonal	6629	11084	0.5980692890653194	12238	0.9057035463310998									
IDHmut-non-codel			Subclonal	4455	11084	0.40193071093468064	12238	0.9057035463310998									
IDHwt			Clonal	23809	35998	0.6613978554364132	39231	0.9175906808391323									
IDHwt			Subclonal	12189	35998	0.3386021445635869	39231	0.9175906808391323									
IDHmut-codel									PTEN	1	0	1					
IDHmut-codel									ARID1A	10	0.2	0.8					
IDHmut-codel									MUC17	4	0.25	0.75					
IDHmut-codel									CIC	125	0.368	0.632					
IDHmut-codel									NIPBL	15	0.4	0.6					
IDHmut-codel									TCF12	7	0.42857142857142855	0.5714285714285714					
IDHmut-codel									NOTCH1	35	0.45714285714285713	0.5428571428571428					
IDHmut-codel									FUBP1	48	0.4583333333333333	0.5416666666666666					
IDHmut-codel									ZBTB20	15	0.4666666666666667	0.5333333333333333					
IDHmut-codel									COL6A3	2	0.5	0.5					
IDHmut-codel									KEL	2	0.5	0.5					
IDHmut-codel									NF1	10	0.5	0.5					
IDHmut-codel									ZNF292	11	0.5454545454545454	0.45454545454545453					
IDHmut-codel									TP53	7	0.5714285714285714	0.42857142857142855					
IDHmut-codel									PIK3CA	29	0.6551724137931034	0.3448275862068966					
IDHmut-codel									PIK3R1	12	0.6666666666666666	0.3333333333333333					
IDHmut-codel									SETD2	3	0.6666666666666666	0.3333333333333333					
IDHmut-codel									IDH1	152	0.756578947368421	0.24342105263157895					
IDHmut-codel									HMCN1	5	0.8	0.2					
IDHmut-codel									SMARCA4	7	0.8571428571428571	0.14285714285714285					
IDHmut-codel									EGFR	1	1	0					
IDHmut-codel									IDH2	15	1	0					
IDHmut-codel									PTPN11	1	1	0					
IDHmut-codel									RB1	1	1	0					
IDHmut-non-codel									NIPBL	4	0.25	0.75					
IDHmut-non-codel									ARID1A	7	0.2857142857142857	0.7142857142857143					
IDHmut-non-codel									CIC	3	0.3333333333333333	0.6666666666666666					
IDHmut-non-codel									MUC17	9	0.3333333333333333	0.6666666666666666					
IDHmut-non-codel									EGFR	2	0.5	0.5					
IDHmut-non-codel									PIK3CA	6	0.5	0.5					
IDHmut-non-codel									PIK3R1	10	0.5	0.5					
IDHmut-non-codel									PTPN11	2	0.5	0.5					
IDHmut-non-codel									SETD2	4	0.5	0.5					
IDHmut-non-codel									ZNF292	2	0.5	0.5					
IDHmut-non-codel									HMCN1	9	0.5555555555555556	0.4444444444444444					
IDHmut-non-codel									SMARCA4	19	0.631578947368421	0.3684210526315789					
IDHmut-non-codel									KEL	3	0.6666666666666666	0.3333333333333333					
IDHmut-non-codel									NOTCH1	6	0.6666666666666666	0.3333333333333333					
IDHmut-non-codel									ZBTB20	3	0.6666666666666666	0.3333333333333333					
IDHmut-non-codel									TCF12	10	0.7	0.3					
IDHmut-non-codel									NF1	4	0.75	0.25					
IDHmut-non-codel									IDH1	264	0.8712121212121212	0.12878787878787878					
IDHmut-non-codel									TP53	310	0.9096774193548387	0.09032258064516129					
IDHmut-non-codel									COL6A3	2	1	0					
IDHmut-non-codel									FUBP1	1	1	0					
IDHmut-non-codel									IDH2	5	1	0					
IDHmut-non-codel									PTEN	3	1	0					
IDHwt									NIPBL	5	0.2	0.8					
IDHwt									TCF12	3	0.3333333333333333	0.6666666666666666					
IDHwt									ZNF292	6	0.3333333333333333	0.6666666666666666					
IDHwt									PTPN11	14	0.42857142857142855	0.5714285714285714					
IDHwt									ARID1A	2	0.5	0.5					
IDHwt									NOTCH1	2	0.5	0.5					
IDHwt									RB1	39	0.5897435897435898	0.41025641025641024					
IDHwt									MUC17	30	0.6	0.4					
IDHwt									PTEN	140	0.6285714285714286	0.37142857142857144					
IDHwt									HMCN1	27	0.6296296296296297	0.37037037037037035					
IDHwt									PIK3R1	37	0.6486486486486487	0.35135135135135137					
IDHwt									EGFR	64	0.65625	0.34375					
IDHwt									SETD2	12	0.6666666666666666	0.3333333333333333					
IDHwt									NF1	81	0.691358024691358	0.30864197530864196					
IDHwt									COL6A3	26	0.6923076923076923	0.3076923076923077					
IDHwt									SMARCA4	4	0.75	0.25					
IDHwt									ZBTB20	4	0.75	0.25					
IDHwt									TP53	131	0.7786259541984732	0.22137404580152673					
IDHwt									PIK3CA	44	0.7954545454545454	0.20454545454545456					
IDHwt									KEL	20	0.8	0.2					
IDHwt									CIC	4	1	0					
IDHwt									FUBP1	1	1	0					
IDHmut-codel										152	0.756578947368421	0.24342105263157895	p.R132H				
IDHmut-non-codel										18	0.9444444444444444	0.05555555555555555	p.R132C				
IDHmut-non-codel										12	1	0	p.R132G				
IDHmut-non-codel										225	0.8577777777777778	0.14222222222222222	p.R132H				
IDHmut-non-codel										9	0.8888888888888888	0.1111111111111111	p.R132S				
IDHmut-codel			Clonal											15	1	112	
IDHmut-codel			Subclonal											16	1	58	
IDHmut-non-codel			Clonal											20.5	5	283	
IDHmut-non-codel			Subclonal											12	1	138	
IDHwt			Clonal											45	1	687	
IDHwt			Subclonal											20	1	318	
IDHmut-codel																	0.0025224812711461017
IDHmut-non-codel																	5.079012612193384e-44
IDHwt																	0.13321684172897572
